﻿Designator,Footprint,Quantity,Value,LCSC Part #
"C1, C2, C3, C4",0402,4,1uF,
"C10, C11, C23, C24, C25, C5",0402,6,10uF,
"C12, C13, C14, C15, C16, C17, C18, C19, C20, C21, C22, C6",0402,12,0.1uF,
"C7, C8, C9",0805,3,1uF,
D1,1206,1,Red,
D2,1206,1,Green,
DVDD,TestPoint_Pad_D1.0mm,1,DVDD,
J1,PinSocket_1x09_P2.54mm_Vertical,1,Misc conn,
J2,PinSocket_1x02_P2.54mm_Vertical,1,1.8V,
J3,PinSocket_1x02_P2.54mm_Vertical,1,2.8V,
J4,AMPHENOL_SFW15R-2STE1LF,1,MIPI Conn,
J5,PinSocket_1x01_P2.54mm_Vertical,1,External clock,
J6,PinHeader_1x10_P2.54mm_Vertical,1,DVP Data,
JP1,PinHeader_1x02_P2.54mm_Vertical,1,1.8V Jumper,
R1,0402,1,10k,
"R2, R3",0805,2,TBD,
"R4, R5",0805,2,10k (NC),
"R6, R7",0805,2,4.7k (NC),
TP2,TestPoint_Pad_D1.0mm,1,2.8V,
TP3,TestPoint_Pad_D1.0mm,1,DOVDD,
TP4,TestPoint_Pad_D1.0mm,1,Vref,
TP5,TestPoint_Pad_D1.0mm,1,GND,
TP6,TestPoint_Pad_D1.0mm,1,+3.3V,
U1,SOT-23-3,1,XC6206P282MR,
U2,SOT-23-5,1,AP7365-18WG-7,
U3,WLCSP-51_L6.1-W4.1-P0.60-S0.55-TL,1,JX-K06A,
